<?xml version="1.0" encoding="UTF-8"?>
<Buyers>
  <contentType>FILM</contentType>
  <Buyer_1>
    <profitPercentage>
      <rezervacijska>0.43</rezervacijska>
      <aspiracijska>0.5668</aspiracijska>
      <tezina>0.11118</tezina>
    </profitPercentage>
    <actorPopularity>
      <rezervacijska>0.32</rezervacijska>
      <aspiracijska>0.3336</aspiracijska>
      <tezina>0.13471</tezina>
    </actorPopularity>
    <criticRating>
      <rezervacijska>0.97</rezervacijska>
      <aspiracijska>0.9865</aspiracijska>
      <tezina>0.01704</tezina>
    </criticRating>
    <viewerRating>
      <rezervacijska>0.26</rezervacijska>
      <aspiracijska>0.4228</aspiracijska>
      <tezina>0.0102</tezina>
    </viewerRating>
    <topListWeeks>
      <rezervacijska>0.4</rezervacijska>
      <aspiracijska>1.0</aspiracijska>
      <tezina>0.00687</tezina>
    </topListWeeks>
  </Buyer_1>
  <Buyer_2>
    <profitPercentage>
      <rezervacijska>0.66</rezervacijska>
      <aspiracijska>0.9592</aspiracijska>
      <tezina>0.04795</tezina>
    </profitPercentage>
    <actorPopularity>
      <rezervacijska>0.28</rezervacijska>
      <aspiracijska>0.9496</aspiracijska>
      <tezina>0.08778</tezina>
    </actorPopularity>
    <criticRating>
      <rezervacijska>0.99</rezervacijska>
      <aspiracijska>0.9924</aspiracijska>
      <tezina>0.00757</tezina>
    </criticRating>
    <viewerRating>
      <rezervacijska>0.02</rezervacijska>
      <aspiracijska>0.6962</aspiracijska>
      <tezina>3.2E-4</tezina>
    </viewerRating>
    <topListWeeks>
      <rezervacijska>0.44</rezervacijska>
      <aspiracijska>0.916</aspiracijska>
      <tezina>0.00138</tezina>
    </topListWeeks>
  </Buyer_2>
</Buyers>

