<?xml version="1.0" encoding="UTF-8"?>
<Seller_2>
  <contentType>FILM</contentType>
  <capacity>0.489</capacity>
  <userNumber>24650</userNumber>
  <Aukcija_1>
    <profitPercentage>0.34</profitPercentage>
    <actorPopularity>0.74</actorPopularity>
    <criticRating>0.39</criticRating>
    <viewerRating>0.69</viewerRating>
    <topListWeeks>0.15</topListWeeks>
  </Aukcija_1>
  <Aukcija_2>
    <profitPercentage>0.95</profitPercentage>
    <actorPopularity>0.37</actorPopularity>
    <criticRating>0.04</criticRating>
    <viewerRating>0.38</viewerRating>
    <topListWeeks>0.29</topListWeeks>
  </Aukcija_2>
</Seller_2>

