<?xml version="1.0" encoding="UTF-8"?>
<Buyer>
  <contentType>FILM</contentType>
  <profitPercentage>
    <rezervacijska>0.47</rezervacijska>
    <aspiracijska>0.7191</aspiracijska>
    <tezina>0.79</tezina>
  </profitPercentage>
  <actorPopularity>
    <rezervacijska>0.67</rezervacijska>
    <aspiracijska>0.6898</aspiracijska>
    <tezina>0.11798</tezina>
  </actorPopularity>
  <criticRating>
    <rezervacijska>0.55</rezervacijska>
    <aspiracijska>0.613</aspiracijska>
    <tezina>0.03766</tezina>
  </criticRating>
  <viewerRating>
    <rezervacijska>0.84</rezervacijska>
    <aspiracijska>0.9888</aspiracijska>
    <tezina>0.03485</tezina>
  </viewerRating>
  <topListWeeks>
    <rezervacijska>0.09</rezervacijska>
    <aspiracijska>0.636</aspiracijska>
    <tezina>0.01951</tezina>
  </topListWeeks>
</Buyer>

