<?xml version="1.0" encoding="UTF-8"?>
<Seller_2>
  <contentType>FILM</contentType>
  <capacity>0.507</capacity>
  <userNumber>98619</userNumber>
  <Auction_1>
    <non-negotiable>
      <director>Bla</director>
      <screenplayAuthor>Bla</screenplayAuthor>
      <movieTitle>Bla</movieTitle>
      <mainActor>Bla</mainActor>
      <movieCompany>Bla</movieCompany>
    </non-negotiable>
    <negotiable>
      <profitPercentage>0.41</profitPercentage>
      <actorPopularity>0.05</actorPopularity>
      <criticRating>0.4</criticRating>
      <viewerRating>0.02</viewerRating>
      <topListWeeks>0.26</topListWeeks>
    </negotiable>
  </Auction_1>
  <Auction_2>
    <non-negotiable>
      <director>Bla</director>
      <screenplayAuthor>Bla</screenplayAuthor>
      <movieTitle>Bla</movieTitle>
      <mainActor>Bla</mainActor>
      <movieCompany>Bla</movieCompany>
    </non-negotiable>
    <negotiable>
      <profitPercentage>0.46</profitPercentage>
      <actorPopularity>0.17</actorPopularity>
      <criticRating>0.48</criticRating>
      <viewerRating>0.18</viewerRating>
      <topListWeeks>0.14</topListWeeks>
    </negotiable>
  </Auction_2>
</Seller_2>

