<?xml version="1.0" encoding="UTF-8"?>
<Seller_1>
  <contentType>GLAZBA</contentType>
  <capacity>0.48</capacity>
  <userNumber>80622</userNumber>
  <Auction_1>
    <non-negotiable>
      <composer>Bla</composer>
      <lyricsAuthor>Bla</lyricsAuthor>
      <songTitle>Bla</songTitle>
      <artist>Bla</artist>
      <label>Bla</label>
    </non-negotiable>
    <negotiable>
      <profitPercentage>0.89</profitPercentage>
      <musicChartRank>0.02</musicChartRank>
      <artistPopularityIndex>0.41</artistPopularityIndex>
      <reviewersGrade>0.76</reviewersGrade>
      <rightsPeriod>0.95</rightsPeriod>
    </negotiable>
  </Auction_1>
  <Auction_2>
    <non-negotiable>
      <composer>Bla</composer>
      <lyricsAuthor>Bla</lyricsAuthor>
      <songTitle>Bla</songTitle>
      <artist>Bla</artist>
      <label>Bla</label>
    </non-negotiable>
    <negotiable>
      <profitPercentage>0.97</profitPercentage>
      <musicChartRank>0.95</musicChartRank>
      <artistPopularityIndex>0.11</artistPopularityIndex>
      <reviewersGrade>0.09</reviewersGrade>
      <rightsPeriod>0.23</rightsPeriod>
    </negotiable>
  </Auction_2>
</Seller_1>

